img_name,pred_marks
GidbMC1.jpg,1
6EoSuEJ.jpg,4
K4M2DDt.jpg,6
fj6yfEh.jpg,1
A4qd5JR.jpg,3
jx1zqEB.jpg,1
DyEbp6j.jpg,2
Itmbytc.jpg,1
gPUwdE9.jpg,3
Ef8ACCI.jpg,7
kc3HJAc.jpg,6
BwGdMO9.jpg,5
CVgnnPz.jpg,1
hBD1FRE.jpg,2
HOtiavT.jpg,5
94eVJfM.jpg,6
jioK374.jpg,6
fSoFduO.jpg,5
8M5CU9m.jpg,1
406Rype.jpg,7
jMBzTSY.jpg,6
4o6dYrK.jpg,10
CLBs5ko.jpg,5
EPXRcep.jpg,6
FpQD5VW.jpg,9
BniP88N.jpg,9
cUCYouh.jpg,3
DFGByuP.jpg,2
DpgnoTP.jpg,8
3pwsTyE.jpg,4
FMctx8O.jpg,0
Kk3EIE8.jpg,1
k3fXpaB.jpg,5
FVofCFc.jpg,1
hJTSb28.jpg,6
gWKDGZp.jpg,3
frSrwVi.jpg,8
7I0zVgw.jpg,2
1gwlmOe.jpg,4
dcKPZ70.jpg,6
KikF8Hg.jpg,3
hkpSQ2K.jpg,1
7iS1YLO.jpg,0
H2iPb1j.jpg,3
52pqQSe.jpg,0
54jROSP.jpg,1
g9OnxRJ.jpg,4
gOCVU3H.jpg,2
fSgibgb.jpg,3
5VUV5Ds.jpg,0
j6uC3Xk.jpg,8
Ao4IYZg.jpg,5
gMDq8yp.jpg,1
FNjcH1n.jpg,9
keUAEPk.jpg,6
JX0es3Z.jpg,1
Gn7hJNd.jpg,8
iw06r3Q.jpg,2
eGngzyy.jpg,6
gdtcR42.jpg,3
gaFls3o.jpg,5
I6Y9leA.jpg,5
f6396vC.jpg,7
IbR3JQ2.jpg,1
dOhV2kI.jpg,4
IF69nYD.jpg,5
AEvXq0w.jpg,4
5vQyXpN.jpg,5
atMTlVH.jpg,2
0MCLnne.jpg,5
g2XWJ8f.jpg,7
CutQ325.jpg,10
f5UXaA3.jpg,8
lgTFx2j.jpg,2
J4KSh3L.jpg,7
cScH1M6.jpg,8
gbeOzSl.jpg,2
dmZCR9Y.jpg,8
CrwqCnM.jpg,2
2PvIZDE.jpg,1
57xTE5U.jpg,4
Ar4iTZu.jpg,2
GUALkq5.jpg,8
fW3Q3I0.jpg,3
9ho2npk.jpg,1
AoWLqhH.jpg,1
0qZVJKm.jpg,2
CgQmkHz.jpg,0
A2bBrU9.jpg,6
fWen73r.jpg,6
5nwXIEF.jpg,1
6bqo0C9.jpg,2
JknFlEx.jpg,2
F436xrf.jpg,1
cODChJY.jpg,3
KB26N1r.jpg,7
hSIB9dp.jpg,5
leDjQxO.jpg,5
CVx5tZW.jpg,0
H6JMOwY.jpg,9
0rmWKaj.jpg,2
IOj3f0x.jpg,6
jzBnw4J.jpg,8
AuWeWTd.jpg,1
kLPP4io.jpg,2
jwVRl8o.jpg,4
gyP6GmY.jpg,1
KGv7TpN.jpg,0
JmeCIC1.jpg,1
kJqpZlJ.jpg,4
GiTl4gv.jpg,0
J6SsjFs.jpg,0
8m1YEXP.jpg,3
0Ld34zC.jpg,1
GRBnj1Z.jpg,5
icWtiVC.jpg,0
d0CumBh.jpg,5
DtoSTqh.jpg,2
8e9QLg4.jpg,2
3G7htqD.jpg,5
BJMdF88.jpg,5
k3MGv5p.jpg,4
1NFTcys.jpg,6
DT4N2Zg.jpg,2
IUmBbJR.jpg,1
bvW2cMc.jpg,6
JyjneLe.jpg,8
7c7a0By.jpg,7
15KUC2C.jpg,4
jVAcbJd.jpg,1
EB96Q7Y.jpg,1
D7klNpd.jpg,0
dDKJWPG.jpg,5
1zHXQVK.jpg,1
gjQ3l7z.jpg,5
BUtmjUM.jpg,2
3kYHjN0.jpg,4
0c7xEno.jpg,2
D6dDvU3.jpg,9
dzWtTiV.jpg,2
F0L3AOw.jpg,3
GMgHHm1.jpg,4
KAyvprp.jpg,2
jbJWS9A.jpg,7
kSgH2u5.jpg,2
0OdLk7m.jpg,1
eDELdBV.jpg,0
CG1NIoo.jpg,5
104uBJZ.jpg,1
bOMQ443.jpg,8
hsrMdD1.jpg,8
AUFftAQ.jpg,5
H9hqtAY.jpg,7
DCqErqb.jpg,8
dmBFpeL.jpg,6
7pahTUB.jpg,8
F0nOhUP.jpg,5
EPA6x5l.jpg,1
KYwE0DO.jpg,1
fq5o2TP.jpg,3
Jqj9QLY.jpg,9
bAgEOfS.jpg,4
1BDUOhL.jpg,5
Icxu8bH.jpg,0
Bk5vzlP.jpg,9
HGxZ4n9.jpg,2
Lj8xMTS.jpg,1
a72tRvR.jpg,5
BlQwjrY.jpg,3
JcwfXfG.jpg,3
cRogGRp.jpg,6
8F8YMZl.jpg,7
246j0f6.jpg,0
KKfbb39.jpg,8
diLM5gw.jpg,4
2sjzRpB.jpg,6
EIHSAUE.jpg,8
1f5kc6O.jpg,2
hOqd6O1.jpg,6
9tuGAkX.jpg,2
DrHXuVC.jpg,8
CsJgfN3.jpg,0
0lnF9tq.jpg,3
9jJTcYP.jpg,7
5pOfNJj.jpg,6
9X9qVWN.jpg,3
HIZNGdx.jpg,7
bd3p317.jpg,7
e38fphp.jpg,8
A2sNCY3.jpg,3
55RvBa9.jpg,1
HS8kvmW.jpg,8
6FPOAn4.jpg,6
6nLvfDA.jpg,8
4us8p1f.jpg,7
hTdvXQF.jpg,7
fxCtAQD.jpg,6
iz8f2EL.jpg,6
kGfwhg1.jpg,7
hhP1kex.jpg,7
6jHuOGj.jpg,4
H6A3t08.jpg,1
InCQsuH.jpg,1
I3rHIGa.jpg,4
8wUWOwd.jpg,8
40B8D9P.jpg,0
ewA8Rpn.jpg,1
GCKySAb.jpg,4
kaXEAip.jpg,0
bztNZnR.jpg,0
J5RlmQv.jpg,2
0CtvlvW.jpg,2
d698jqy.jpg,1
8uEnJiI.jpg,8
3zxEEBC.jpg,2
EXLa4p7.jpg,2
ICIXFCp.jpg,6
k0R3DoI.jpg,6
0uMtPz0.jpg,4
IZoP6L9.jpg,6
B4XCYz9.jpg,8
favEvzP.jpg,4
eMa8BlA.jpg,2
5Abx9M2.jpg,2
eJT0NAj.jpg,1
5NGPXWn.jpg,2
gKxPK1Y.jpg,3
04t0i6U.jpg,2
dYAaz7m.jpg,7
lLhLJNY.jpg,3
cWwqME1.jpg,9
ebHOerd.jpg,1
jLVlBi4.jpg,2
gKmfNLx.jpg,1
2bdo5ud.jpg,5
F4DRxwk.jpg,6
fZ2tBIx.jpg,8
96QZdd8.jpg,9
7T7pRQW.jpg,2
6ZEaAgP.jpg,1
jzWkUcH.jpg,3
FikUEoA.jpg,4
b2UruIc.jpg,5
DiAuBgf.jpg,8
GyyJzOi.jpg,3
9FgCGu3.jpg,1
il7ZzYK.jpg,6
8r86TYY.jpg,7
ESaXykv.jpg,2
fNB1Xh6.jpg,1
3pGCYEU.jpg,1
1PPvSt1.jpg,1
89Qr0VM.jpg,1
DpJMbdM.jpg,7
DYcwFZ2.jpg,1
GdDku30.jpg,0
LAB7L4d.jpg,8
feQ7tcB.jpg,5
17Eh4M5.jpg,0
gygqDOa.jpg,1
gOTMKLB.jpg,5
DlrYDgV.jpg,9
BLK52Gc.jpg,2
6xcmfsB.jpg,7
Kx9Dpvo.jpg,1
Jg6DDR7.jpg,2
hr0SaFm.jpg,0
G1CZP6M.jpg,9
jlxLpcG.jpg,6
D2hIAB7.jpg,0
GgtAhBF.jpg,1
LCB41h0.jpg,4
Jz2iZTo.jpg,0
AZ76rSV.jpg,8
AbOkl8A.jpg,1
IRpxdDf.jpg,2
bOOb4M8.jpg,6
LNZv5Pn.jpg,3
s5fq6IA.jpg,6
MNx2JmJ.jpg,3
naF0DTz.jpg,0
rjFS7o6.jpg,1
W9e6qNn.jpg,3
Qi8cQd9.jpg,9
rYEPaeR.jpg,2
sB9gIJP.jpg,2
LRccyJJ.jpg,5
r9ByOWm.jpg,0
NzBinsy.jpg,7
PAaDQxm.jpg,2
XZZpu5U.jpg,3
sJcae3x.jpg,7
lqdSQBD.jpg,1
SMm9p1N.jpg,7
SWEGOOj.jpg,1
Qet6ZdJ.jpg,9
VOWRKeG.jpg,5
pzjmQaX.jpg,6
MmuQQou.jpg,1
TXVeZeI.jpg,7
SUT4AWW.jpg,1
tjERJXl.jpg,0
SqzzLX5.jpg,1
RNxITzv.jpg,1
nV9zHTn.jpg,6
YaewHUB.jpg,5
sKJHopD.jpg,5
Q9W8wOw.jpg,1
pgxC4RR.jpg,1
vxiTFZD.jpg,2
XHbvbhu.jpg,5
qwUhUnX.jpg,1
z9iMChP.jpg,3
lvPI3dz.jpg,6
obx0nEW.jpg,2
vrEo0y1.jpg,7
ZGGigCm.jpg,6
vljoMvg.jpg,2
PJeMxbg.jpg,5
Qr2F5vt.jpg,6
RCTcSK5.jpg,1
XtmUIuV.jpg,6
uJgHSki.jpg,8
x6TAizQ.jpg,6
nhDmSKc.jpg,5
qDeau8F.jpg,7
Ul9u6l6.jpg,1
MgghiL8.jpg,1
MV5KDC8.jpg,0
y50hEHK.jpg,2
nx4Jtjd.jpg,0
Sm6e1Td.jpg,1
v10kqqM.jpg,2
STcovYo.jpg,2
VQI5gRv.jpg,2
Q2a6ahU.jpg,2
YJ8QXIH.jpg,4
rZQ0RuV.jpg,5
YAyfJTA.jpg,3
yArHNVc.jpg,6
q084olr.jpg,6
WjrciTI.jpg,0
SQ3PfSs.jpg,8
n5LMW0T.jpg,5
UmqXxrS.jpg,2
NDKzZ1k.jpg,7
vblP2gM.jpg,2
MvHSRmI.jpg,5
v4aJrqY.jpg,5
T04C5Cf.jpg,9
ZU7kvGx.jpg,4
w1cmMVA.jpg,5
YAy4x2y.jpg,6
Nqj6Ukg.jpg,3
tpPFzmO.jpg,6
ZiJMj3P.jpg,2
sOHz97N.jpg,5
RFcUFz0.jpg,0
lXzz6uS.jpg,9
OEOMwNz.jpg,0
RRYfaw8.jpg,2
NUQPQV8.jpg,1
xhc4R2G.jpg,5
VcAzqW1.jpg,3
OAg9Tcu.jpg,10
yvobPIk.jpg,4
Tybelpt.jpg,6
vpI8WEb.jpg,7
nrdsLDa.jpg,3
wCaaOdq.jpg,0
WbvDqtc.jpg,5
o6iFate.jpg,6
RZH24s7.jpg,3
Zfq18VD.jpg,6
uGqNWz5.jpg,1
uKXbpyN.jpg,0
qlwikIg.jpg,5
xPcfWPI.jpg,9
SpbJje9.jpg,6
Onp7BQB.jpg,1
uSpnyHB.jpg,9
tYiDdZY.jpg,2
xsXKhSL.jpg,8
WxtTFL6.jpg,1
XiPBY60.jpg,3
SevT653.jpg,2
ROdYDt2.jpg,1
vHWNFJ2.jpg,9
OsPw2qc.jpg,2
VrcsNov.jpg,7
nWCK5mU.jpg,9
U1tXBng.jpg,2
zQshA2F.jpg,6
R4Lqvlx.jpg,0
OKJ3j3G.jpg,5
seedZky.jpg,8
mCkySBG.jpg,5
u9Wer6S.jpg,9
QboFh7Q.jpg,7
rxCG3WE.jpg,7
lyr0YBB.jpg,4
r53EbYv.jpg,1
UmIo7nf.jpg,0
RZzR3WP.jpg,0
PJF97Sn.jpg,7
wN4cbxp.jpg,3
Vlo8tqw.jpg,7
N1HDgWz.jpg,1
od6O51t.jpg,2
rijC15L.jpg,1
WacNh4T.jpg,5
UXsG00l.jpg,5
lx19RYA.jpg,5
t4fbUW1.jpg,4
Sb9xEDW.jpg,2
nG4XW3E.jpg,2
wGegiaZ.jpg,0
RDvyz0H.jpg,1
MKo064b.jpg,2
pKLNQz5.jpg,7
xE2j1uA.jpg,7
uCpvJcc.jpg,2
plsg9LG.jpg,2
sVRUXRv.jpg,8
pG15tPy.jpg,4
WG85Ru8.jpg,8
VdH6dUQ.jpg,7
TLzmbPh.jpg,4
LQah8ff.jpg,3
SxOFztL.jpg,1
v5r2evS.jpg,4
MLNMK7L.jpg,3
PYdhI8v.jpg,2
pBOLe58.jpg,4
Z2YvRlp.jpg,0
y2wzyA1.jpg,0
T2EiQ3J.jpg,5
qmwIFuq.jpg,1
yF4wPq5.jpg,2
SLoEgZp.jpg,2
SGX6mEJ.jpg,1
WcmRS3m.jpg,2
yuRHqjH.jpg,4
m0uDWq4.jpg,8
YvqixMk.jpg,1
R0rvJ4W.jpg,0
SsSbA8u.jpg,2
s1XljD0.jpg,7
pi57kK6.jpg,6
thbXo3M.jpg,4
MBJiE0X.jpg,1
xKeed9J.jpg,7
TAJCbig.jpg,5
UnyTYcI.jpg,7
My1dMYr.jpg,3
Zcai4vg.jpg,5
XXfy8uN.jpg,0
O63hzUh.jpg,2
zxomqZY.jpg,8
WmsdhW5.jpg,1
vMtPuyM.jpg,4
rBUuCSx.jpg,7
qJ7zBpR.jpg,1
PWkOVq9.jpg,2
tc0TwSp.jpg,5
qOjvI4Q.jpg,6
plR6CUU.jpg,6
yFqaV83.jpg,2
xiBmbZu.jpg,1
SF26PyJ.jpg,3
NzodNAi.jpg,1
YAvWe7x.jpg,2
rZbH3th.jpg,4
TphRpXN.jpg,5
u6uDFnY.jpg,7
UeKwymv.jpg,7
VJFlqhC.jpg,3
yfnPUlS.jpg,2
O0KTNBq.jpg,3
XYvZQ69.jpg,8
mlxhGQo.jpg,10
PXamf6c.jpg,5
ofbF5fL.jpg,2
NNgkxyl.jpg,3
qFKyFdJ.jpg,1
ypdRsuD.jpg,3
tA3XsPA.jpg,6
sAoxOtx.jpg,5
S4Gjogj.jpg,6
o8Eg109.jpg,9
SxxUauX.jpg,8
LPYDGGc.jpg,2
x9v67l6.jpg,1
PtQ8lwm.jpg,5
RN7zNhk.jpg,2
zWXFXYW.jpg,1
neGZfyt.jpg,2
zHa0aYH.jpg,9
WZ5A722.jpg,9
n1jxrs3.jpg,5
oyXPXol.jpg,1
mrijc85.jpg,2
qKVBUWs.jpg,6
xVlxPxC.jpg,2
VW40e4h.jpg,2
VMvseht.jpg,3
u20CbaY.jpg,2
uhFFYJ4.jpg,2
R2MhuVp.jpg,1
yyY2D8i.jpg,1
LUYBpyQ.jpg,7
WJnOlzC.jpg,0
S9amPJh.jpg,5
OqVkVCv.jpg,6
roxXaVD.jpg,1
vT46Zg1.jpg,9
nVDIV7v.jpg,7
msX3bBM.jpg,3
UpUB4NP.jpg,2
mGHkXo0.jpg,2
qz31CIs.jpg,3
yRPD0Dn.jpg,1
uwONgIj.jpg,5
q8iJyk0.jpg,3
ZHdcDRf.jpg,8
pDpbHYg.jpg,2
Rk1G1aS.jpg,5
lTliwxI.jpg,3
SHj76OQ.jpg,6
YUtXx1Q.jpg,5
xL6QQZg.jpg,1
oTtfso4.jpg,9
MbaIt3p.jpg,1
x8FnUkW.jpg,1
LSxnasq.jpg,4
q2ejgty.jpg,1
ucH9S9s.jpg,7
uaLdeF8.jpg,0
rIRR2QT.jpg,1
mMcX0kT.jpg,6
vhKiEc5.jpg,7
VyHTNQ9.jpg,0
y6Vf5sD.jpg,5
wNpuM8I.jpg,1
NGhWj87.jpg,8
yc12lqc.jpg,1
nQw20fw.jpg,0
qNdhAQG.jpg,6
mWBX4hq.jpg,2
oYYOzj0.jpg,6
ZvHkGNT.jpg,7
y1LnCHF.jpg,6
xicjOgf.jpg,1
ZcOeygj.jpg,2
TQUHeNf.jpg,0
qXZqYLa.jpg,2
YqjoUp3.jpg,1
sPGI0Yj.jpg,8
niEMuqt.jpg,0
tDvfNiE.jpg,3
ZGzhVNg.jpg,5
QjnYgjU.jpg,6
rzQDZm4.jpg,7
zciEYbt.jpg,4
rtCMIC1.jpg,3
nD8jfSQ.jpg,2
WcYuBgk.jpg,2
zaZoS31.jpg,1
u2GZM4K.jpg,2
yo3KVbK.jpg,9
XZfYPZf.jpg,8
smkLrZa.jpg,1
RRxEwCR.jpg,2
ly91BaO.jpg,5
2EufWcq.jpg,2
L5rBGZ5.jpg,6
IqSlvss.jpg,6
AwF0CBa.jpg,3
alybfPY.jpg,3
lbg7D6C.jpg,6
hEADtQh.jpg,6
CCqulRg.jpg,5
GoB1jLf.jpg,1
IHbBRG1.jpg,7
DMStlYW.jpg,4
9q4RhnA.jpg,6
k0xTfJi.jpg,6
epimQv0.jpg,3
7UgFm9q.jpg,3
IEH3YjW.jpg,4
dKh1074.jpg,4
6f36g6m.jpg,2
faXTONV.jpg,2
LmfCbHP.jpg,7
k2F7UH9.jpg,2
eW2yoSH.jpg,7
apa52fV.jpg,6
bFD9eUD.jpg,4
36XFKDU.jpg,4
l1ZVgCG.jpg,2
IbBere6.jpg,7
E6MwJ00.jpg,5
5GvROcS.jpg,5
f6kyRqj.jpg,4
h8CIV67.jpg,5
56jXNyb.jpg,2
gtyqlcL.jpg,3
FpAdggD.jpg,3
1CCExTK.jpg,2
1KUsNqb.jpg,2
bUvk9iA.jpg,2
5ZXQiqK.jpg,5
KctCRld.jpg,1
GUJBXzs.jpg,2
Hj9MaiP.jpg,3
jiooheu.jpg,1
baS4IPn.jpg,4
bO9N14J.jpg,4
DSxCXr6.jpg,2
cbIcLP0.jpg,2
4eC8euy.jpg,4
2xCuXpB.jpg,3
AhnOq2U.jpg,2
JR5NBIN.jpg,2
7vXHnR1.jpg,7
hhJrQUf.jpg,6
jsuJUBM.jpg,1
89atndp.jpg,7
7iL00J4.jpg,3
E0RhGxf.jpg,5
kK8CqVE.jpg,7
6tXsNC9.jpg,5