img_name,pred_marks
s5fq6IA.jpg,6
atMTlVH.jpg,2
MNx2JmJ.jpg,3
94eVJfM.jpg,6
naF0DTz.jpg,0
6ZEaAgP.jpg,1
rjFS7o6.jpg,1
2sjzRpB.jpg,6
W9e6qNn.jpg,3
Qi8cQd9.jpg,9
8r86TYY.jpg,7
rYEPaeR.jpg,2
sB9gIJP.jpg,2
Ao4IYZg.jpg,5
b2UruIc.jpg,5
EXLa4p7.jpg,2
LRccyJJ.jpg,5
3kYHjN0.jpg,4
r9ByOWm.jpg,0
NzBinsy.jpg,7
PAaDQxm.jpg,2
XZZpu5U.jpg,3
sJcae3x.jpg,7
FNjcH1n.jpg,9
lqdSQBD.jpg,1
SMm9p1N.jpg,7
IRpxdDf.jpg,2
0MCLnne.jpg,5
SWEGOOj.jpg,1
6xcmfsB.jpg,7
IOj3f0x.jpg,6
Qet6ZdJ.jpg,9
VOWRKeG.jpg,5
pzjmQaX.jpg,6
hhP1kex.jpg,7
MmuQQou.jpg,1
GUALkq5.jpg,8
8uEnJiI.jpg,8
TXVeZeI.jpg,7
KikF8Hg.jpg,3
dKh1074.jpg,9
hOqd6O1.jpg,6
Lj8xMTS.jpg,1
SUT4AWW.jpg,1
ESaXykv.jpg,2
SqzzLX5.jpg,2
RNxITzv.jpg,1
nV9zHTn.jpg,6
Kk3EIE8.jpg,1
GiTl4gv.jpg,0
YaewHUB.jpg,5
J5RlmQv.jpg,2
sKJHopD.jpg,5
Q9W8wOw.jpg,1
pgxC4RR.jpg,1
jMBzTSY.jpg,6
kJqpZlJ.jpg,4
gtyqlcL.jpg,4
e38fphp.jpg,8
vxiTFZD.jpg,2
XHbvbhu.jpg,5
qwUhUnX.jpg,1
z9iMChP.jpg,3
obx0nEW.jpg,2
vrEo0y1.jpg,7
ZGGigCm.jpg,6
vljoMvg.jpg,2
2PvIZDE.jpg,1
PJeMxbg.jpg,5
5VUV5Ds.jpg,0
CsJgfN3.jpg,0
Qr2F5vt.jpg,6
RCTcSK5.jpg,1
XtmUIuV.jpg,6
uJgHSki.jpg,8
x6TAizQ.jpg,6
nhDmSKc.jpg,5
qDeau8F.jpg,7
dmBFpeL.jpg,6
k0xTfJi.jpg,3
7c7a0By.jpg,7
3zxEEBC.jpg,2
Ul9u6l6.jpg,1
MgghiL8.jpg,1
MV5KDC8.jpg,0
lgTFx2j.jpg,2
Jz2iZTo.jpg,0
y50hEHK.jpg,2
3G7htqD.jpg,5
bO9N14J.jpg,6
nx4Jtjd.jpg,0
Sm6e1Td.jpg,1
DlrYDgV.jpg,9
v10kqqM.jpg,2
STcovYo.jpg,2
VQI5gRv.jpg,2
fj6yfEh.jpg,1
15KUC2C.jpg,4
HGxZ4n9.jpg,2
CVgnnPz.jpg,1
Q2a6ahU.jpg,2
YJ8QXIH.jpg,4
rZQ0RuV.jpg,5
0uMtPz0.jpg,4
JR5NBIN.jpg,4
YAyfJTA.jpg,3
yArHNVc.jpg,6
5NGPXWn.jpg,2
q084olr.jpg,6
k0R3DoI.jpg,6
WjrciTI.jpg,0
LNZv5Pn.jpg,3
SQ3PfSs.jpg,8
B4XCYz9.jpg,8
k3MGv5p.jpg,4
AEvXq0w.jpg,4
K4M2DDt.jpg,6
FikUEoA.jpg,4
A2sNCY3.jpg,3
n5LMW0T.jpg,5
faXTONV.jpg,4
BUtmjUM.jpg,2
DiAuBgf.jpg,8
UmqXxrS.jpg,2
GMgHHm1.jpg,4
HIZNGdx.jpg,7
NDKzZ1k.jpg,7
kaXEAip.jpg,0
a72tRvR.jpg,5
vblP2gM.jpg,2
MvHSRmI.jpg,5
v4aJrqY.jpg,5
7T7pRQW.jpg,2
leDjQxO.jpg,5
T04C5Cf.jpg,9
Kx9Dpvo.jpg,1
CrwqCnM.jpg,2
ZU7kvGx.jpg,4
Jqj9QLY.jpg,9
Ef8ACCI.jpg,7
w1cmMVA.jpg,5
YAy4x2y.jpg,6
Nqj6Ukg.jpg,3
jLVlBi4.jpg,2
tpPFzmO.jpg,6
gjQ3l7z.jpg,5
bd3p317.jpg,7
BJMdF88.jpg,5
dDKJWPG.jpg,5
ZiJMj3P.jpg,2
JyjneLe.jpg,8
gPUwdE9.jpg,3
sOHz97N.jpg,5
RFcUFz0.jpg,0
IbBere6.jpg,0
JknFlEx.jpg,2
VxY3oie.jpg,2
cScH1M6.jpg,8
lXzz6uS.jpg,9
OEOMwNz.jpg,0
fNB1Xh6.jpg,1
J4KSh3L.jpg,7
17Eh4M5.jpg,0
3pGCYEU.jpg,1
RRYfaw8.jpg,2
OasYZ7w.jpg,2
LCB41h0.jpg,4
0OdLk7m.jpg,1
5vQyXpN.jpg,5
NUQPQV8.jpg,1
8F8YMZl.jpg,7
xhc4R2G.jpg,5
GyyJzOi.jpg,3
1PPvSt1.jpg,1
VcAzqW1.jpg,3
Itmbytc.jpg,1
0lnF9tq.jpg,3
AZ76rSV.jpg,8
fW3Q3I0.jpg,3
OAg9Tcu.jpg,10
5ZXQiqK.jpg,2
0CtvlvW.jpg,2
I6Y9leA.jpg,5
gMDq8yp.jpg,1
yvobPIk.jpg,4
Tybelpt.jpg,6
vpI8WEb.jpg,7
nrdsLDa.jpg,3
k2F7UH9.jpg,1
wCaaOdq.jpg,0
2xCuXpB.jpg,8
Bk5vzlP.jpg,9
WbvDqtc.jpg,5
9ho2npk.jpg,1
o6iFate.jpg,6
y2z8DRH.jpg,7
RZH24s7.jpg,3
feQ7tcB.jpg,5
Zfq18VD.jpg,6
j6uC3Xk.jpg,8
uGqNWz5.jpg,1
uKXbpyN.jpg,0
qlwikIg.jpg,5
xPcfWPI.jpg,9
bUvk9iA.jpg,7
SpbJje9.jpg,6
FVofCFc.jpg,1
hr0SaFm.jpg,0
89Qr0VM.jpg,1
eW2yoSH.jpg,6
9X9qVWN.jpg,3
Onp7BQB.jpg,1
uSpnyHB.jpg,9
KGv7TpN.jpg,0
tYiDdZY.jpg,2
xsXKhSL.jpg,8
WxtTFL6.jpg,1
g2XWJ8f.jpg,7
eGngzyy.jpg,6
eMa8BlA.jpg,2
XiPBY60.jpg,3
SevT653.jpg,2
hJTSb28.jpg,6
ROdYDt2.jpg,1
vHWNFJ2.jpg,9
OsPw2qc.jpg,2
jzWkUcH.jpg,3
DyEbp6j.jpg,2
VrcsNov.jpg,7
6jHuOGj.jpg,4
nWCK5mU.jpg,9
hSIB9dp.jpg,5
AUFftAQ.jpg,5
U1tXBng.jpg,2
zQshA2F.jpg,6
R4Lqvlx.jpg,0
fWen73r.jpg,6
jiooheu.jpg,3
kc3HJAc.jpg,6
OKJ3j3G.jpg,5
89atndp.jpg,6
8e9QLg4.jpg,2
cODChJY.jpg,3
d698jqy.jpg,1
seedZky.jpg,8
DrHXuVC.jpg,8
jVAcbJd.jpg,1
gWKDGZp.jpg,3
gaFls3o.jpg,5
HS8kvmW.jpg,8
GgtAhBF.jpg,1
mCkySBG.jpg,5
E0RhGxf.jpg,7
DFGByuP.jpg,2
u9Wer6S.jpg,9
k3fXpaB.jpg,5
9jJTcYP.jpg,7
QboFh7Q.jpg,7
rxCG3WE.jpg,7
bztNZnR.jpg,0
lyr0YBB.jpg,4
6EoSuEJ.jpg,4
r53EbYv.jpg,1
keUAEPk.jpg,6
UmIo7nf.jpg,0
RZzR3WP.jpg,0
0c7xEno.jpg,2
dcKPZ70.jpg,6
dYAaz7m.jpg,7
baS4IPn.jpg,9
PJF97Sn.jpg,7
wN4cbxp.jpg,3
jzBnw4J.jpg,8
JcwfXfG.jpg,3
Vlo8tqw.jpg,7
IEH3YjW.jpg,4
N1HDgWz.jpg,1
od6O51t.jpg,2
kSgH2u5.jpg,2
KKfbb39.jpg,8
fSgibgb.jpg,3
KYwE0DO.jpg,1
GdDku30.jpg,0
rijC15L.jpg,1
WacNh4T.jpg,5
H2iPb1j.jpg,3
UXsG00l.jpg,5
F4DRxwk.jpg,6
BLK52Gc.jpg,2
IZoP6L9.jpg,6
Hj9MaiP.jpg,5
IUmBbJR.jpg,1
lx19RYA.jpg,5
t4fbUW1.jpg,4
Sb9xEDW.jpg,2
hTdvXQF.jpg,7
nG4XW3E.jpg,2
wGegiaZ.jpg,0
I3rHIGa.jpg,4
RDvyz0H.jpg,1
apa52fV.jpg,9
MKo064b.jpg,2
pKLNQz5.jpg,7
xE2j1uA.jpg,7
DpgnoTP.jpg,8
AoWLqhH.jpg,1
GRBnj1Z.jpg,5
gyP6GmY.jpg,1
uCpvJcc.jpg,2
gKmfNLx.jpg,1
plsg9LG.jpg,2
d0CumBh.jpg,5
sVRUXRv.jpg,8
4o6dYrK.jpg,10
gbeOzSl.jpg,2
8m1YEXP.jpg,3
h8CIV67.jpg,3
WG85Ru8.jpg,8
A4qd5JR.jpg,3
VdH6dUQ.jpg,7
f5UXaA3.jpg,8
bOOb4M8.jpg,6
CLBs5ko.jpg,5
TLzmbPh.jpg,4
LQah8ff.jpg,3
SxOFztL.jpg,1
v5r2evS.jpg,4
hsrMdD1.jpg,8
MLNMK7L.jpg,3
KAyvprp.jpg,2
hEADtQh.jpg,2
PYdhI8v.jpg,2
1CCExTK.jpg,3
D7klNpd.jpg,0
pBOLe58.jpg,4
Z2YvRlp.jpg,0
jsuJUBM.jpg,1
JX0es3Z.jpg,1
IHbBRG1.jpg,2
y2wzyA1.jpg,0
J6SsjFs.jpg,0
cRogGRp.jpg,6
F436xrf.jpg,1
T2EiQ3J.jpg,5
qmwIFuq.jpg,1
yF4wPq5.jpg,2
6nLvfDA.jpg,8
9FgCGu3.jpg,1
DpJMbdM.jpg,7
SLoEgZp.jpg,2
CgQmkHz.jpg,0
SGX6mEJ.jpg,1
FpAdggD.jpg,1
AbOkl8A.jpg,1
WcmRS3m.jpg,2
55RvBa9.jpg,1
Jg6DDR7.jpg,2
yuRHqjH.jpg,4
gdtcR42.jpg,3
m0uDWq4.jpg,8
YvqixMk.jpg,1
R0rvJ4W.jpg,0
l1ZVgCG.jpg,0
DYcwFZ2.jpg,1
8wUWOwd.jpg,8
SsSbA8u.jpg,2
56jXNyb.jpg,2
s1XljD0.jpg,7
pi57kK6.jpg,6
5pOfNJj.jpg,6
thbXo3M.jpg,4
dOhV2kI.jpg,4
G1CZP6M.jpg,9
7pahTUB.jpg,8
MBJiE0X.jpg,1
kK8CqVE.jpg,7
xKeed9J.jpg,7
TAJCbig.jpg,5
UnyTYcI.jpg,7
8M5CU9m.jpg,1
eDELdBV.jpg,0
ICIXFCp.jpg,6
My1dMYr.jpg,3
Zcai4vg.jpg,5
XXfy8uN.jpg,0
JmeCIC1.jpg,1
O63hzUh.jpg,2
zxomqZY.jpg,8
WmsdhW5.jpg,1
4eC8euy.jpg,5
il7ZzYK.jpg,6
iw06r3Q.jpg,2
1NFTcys.jpg,6
D2hIAB7.jpg,1
vMtPuyM.jpg,4
E6MwJ00.jpg,2
rBUuCSx.jpg,7
qJ7zBpR.jpg,1
9tuGAkX.jpg,2
g9OnxRJ.jpg,4
PWkOVq9.jpg,2
tc0TwSp.jpg,5
qOjvI4Q.jpg,6
iz8f2EL.jpg,6
plR6CUU.jpg,6
yFqaV83.jpg,2
dzWtTiV.jpg,2
7iL00J4.jpg,7
xiBmbZu.jpg,1
246j0f6.jpg,0
gOCVU3H.jpg,2
icWtiVC.jpg,0
IF69nYD.jpg,5
Ar4iTZu.jpg,2
1f5kc6O.jpg,2
LmfCbHP.jpg,7
gygqDOa.jpg,1
epimQv0.jpg,1
jwVRl8o.jpg,4
SF26PyJ.jpg,3
NzodNAi.jpg,1
YAvWe7x.jpg,2
rZbH3th.jpg,4
bOMQ443.jpg,8
7vXHnR1.jpg,2
favEvzP.jpg,4
GCKySAb.jpg,4
04t0i6U.jpg,2
TphRpXN.jpg,5
GoB1jLf.jpg,1
u6uDFnY.jpg,7
dmZCR9Y.jpg,8
UeKwymv.jpg,7
EPXRcep.jpg,6
HOtiavT.jpg,5
57xTE5U.jpg,4
jlxLpcG.jpg,6
D6dDvU3.jpg,9
VJFlqhC.jpg,3
yfnPUlS.jpg,2
O0KTNBq.jpg,3
kGfwhg1.jpg,7
XYvZQ69.jpg,8
CutQ325.jpg,9
lLhLJNY.jpg,3
104uBJZ.jpg,1
fZ2tBIx.jpg,8
BniP88N.jpg,9
0rmWKaj.jpg,2
mlxhGQo.jpg,10
PXamf6c.jpg,5
5Abx9M2.jpg,2
ofbF5fL.jpg,2
CCqulRg.jpg,6
fSoFduO.jpg,5
bvW2cMc.jpg,6
BwGdMO9.jpg,5
NNgkxyl.jpg,3
6FPOAn4.jpg,6
qFKyFdJ.jpg,1
ewA8Rpn.jpg,1
A2bBrU9.jpg,6
hhJrQUf.jpg,0
ypdRsuD.jpg,3
9q4RhnA.jpg,7
tA3XsPA.jpg,6
F0L3AOw.jpg,3
3pwsTyE.jpg,4
sAoxOtx.jpg,5
S4Gjogj.jpg,6
o8Eg109.jpg,9
fxCtAQD.jpg,6
2bdo5ud.jpg,5
SxxUauX.jpg,8
LPYDGGc.jpg,2
x9v67l6.jpg,1
bAgEOfS.jpg,4
PtQ8lwm.jpg,5
hBD1FRE.jpg,2
RN7zNhk.jpg,2
zWXFXYW.jpg,1
DSxCXr6.jpg,1
1BDUOhL.jpg,5
neGZfyt.jpg,2
6f36g6m.jpg,6
f6396vC.jpg,7
zHa0aYH.jpg,9
WZ5A722.jpg,9
n1jxrs3.jpg,5
oyXPXol.jpg,1
mrijc85.jpg,2
qKVBUWs.jpg,6
CVx5tZW.jpg,0
xVlxPxC.jpg,2
ebHOerd.jpg,1
VW40e4h.jpg,2
EIHSAUE.jpg,8
KctCRld.jpg,9
gKxPK1Y.jpg,3
6tXsNC9.jpg,8
0qZVJKm.jpg,2
DtoSTqh.jpg,2
VMvseht.jpg,3
u20CbaY.jpg,2
uhFFYJ4.jpg,2
LAB7L4d.jpg,8
AhnOq2U.jpg,8
R2MhuVp.jpg,1
yyY2D8i.jpg,0
LUYBpyQ.jpg,7
jioK374.jpg,6
40B8D9P.jpg,0
cWwqME1.jpg,9
tRSUcnu.jpg,6
Gn7hJNd.jpg,8
WJnOlzC.jpg,0
S9amPJh.jpg,5
1zHXQVK.jpg,1
36XFKDU.jpg,3
OqVkVCv.jpg,6
roxXaVD.jpg,1
vT46Zg1.jpg,9
7I0zVgw.jpg,2
InCQsuH.jpg,1
nVDIV7v.jpg,7
IbR3JQ2.jpg,1
msX3bBM.jpg,3
UpUB4NP.jpg,2
jbJWS9A.jpg,7
mGHkXo0.jpg,2
qz31CIs.jpg,3
hkpSQ2K.jpg,1
7iS1YLO.jpg,0
GidbMC1.jpg,1
yRPD0Dn.jpg,1
AuWeWTd.jpg,1
uwONgIj.jpg,5
cUCYouh.jpg,3
q8iJyk0.jpg,3
ZHdcDRf.jpg,8
52pqQSe.jpg,0
pDpbHYg.jpg,2
H6A3t08.jpg,1
Rk1G1aS.jpg,5
lTliwxI.jpg,3
EPA6x5l.jpg,1
SHj76OQ.jpg,6
YUtXx1Q.jpg,5
406Rype.jpg,7
DMStlYW.jpg,0
F0nOhUP.jpg,5
xL6QQZg.jpg,1
fq5o2TP.jpg,3
5nwXIEF.jpg,1
oTtfso4.jpg,9
MbaIt3p.jpg,1
x8FnUkW.jpg,1
LSxnasq.jpg,4
q2ejgty.jpg,1
Icxu8bH.jpg,0
6bqo0C9.jpg,2
ucH9S9s.jpg,7
uaLdeF8.jpg,0
rIRR2QT.jpg,1
mMcX0kT.jpg,6
vhKiEc5.jpg,7
frSrwVi.jpg,8
VyHTNQ9.jpg,0
y6Vf5sD.jpg,5
wNpuM8I.jpg,1
NGhWj87.jpg,8
jx1zqEB.jpg,1
4us8p1f.jpg,7
yc12lqc.jpg,1
nQw20fw.jpg,0
FMctx8O.jpg,0
qNdhAQG.jpg,6
mWBX4hq.jpg,2
kLPP4io.jpg,2
1gwlmOe.jpg,4
oYYOzj0.jpg,6
7UgFm9q.jpg,8
BlQwjrY.jpg,3
ZvHkGNT.jpg,7
y1LnCHF.jpg,6
xicjOgf.jpg,1
ZcOeygj.jpg,2
TQUHeNf.jpg,0
qXZqYLa.jpg,2
YqjoUp3.jpg,1
FpQD5VW.jpg,9
f6kyRqj.jpg,3
sPGI0Yj.jpg,8
gOTMKLB.jpg,5
niEMuqt.jpg,0
0Ld34zC.jpg,1
96QZdd8.jpg,9
H6JMOwY.jpg,9
CG1NIoo.jpg,5
tDvfNiE.jpg,3
EB96Q7Y.jpg,1
DT4N2Zg.jpg,2
eJT0NAj.jpg,1
ZGzhVNg.jpg,5
QjnYgjU.jpg,6
54jROSP.jpg,1
rzQDZm4.jpg,7
zciEYbt.jpg,4
DCqErqb.jpg,8
rtCMIC1.jpg,3
nD8jfSQ.jpg,2
KB26N1r.jpg,7
WcYuBgk.jpg,2
cbIcLP0.jpg,3
zaZoS31.jpg,1
u2GZM4K.jpg,2
yo3KVbK.jpg,9
XZfYPZf.jpg,8
smkLrZa.jpg,1
RRxEwCR.jpg,2
5GvROcS.jpg,3
ly91BaO.jpg,5
H9hqtAY.jpg,7
